Timestamp,CH4_LEL_%,CO_ppm,O2_%,CO2_%,H2S_ppm,Dust_mg_m3,Temp_C,Humidity_%,Pressure_kPa,Latitude,Longitude,Altitude_m,Depth_m,Speed_ms,Distance_km,LoRa_RSSI_dBm,Battery_%,Status
2026-07-30 06:39:40.789,1.24,5.1,20.5,0.120,0.80,0.45,32.0,78.0,101.3,13.710008,79.605009,180.0,12.4,0.28,0.000,-78,98,SAFE
2026-07-30 06:39:40.790,1.20,5.0,20.5,0.120,0.80,0.45,32.0,78.0,101.3,13.710016,79.605012,180.0,12.4,0.28,0.000,-78,98,SAFE
2026-07-30 06:39:40.790,1.16,5.0,20.5,0.120,0.80,0.45,32.0,78.0,101.3,13.710024,79.605023,180.0,12.4,0.28,0.000,-78,98,SAFE
2026-07-30 06:39:40.790,1.15,5.0,20.5,0.120,0.80,0.45,32.0,78.0,101.3,13.710031,79.605030,180.0,12.4,0.28,0.000,-78,98,SAFE
2026-07-30 06:39:40.790,1.15,5.1,20.5,0.120,0.80,0.45,32.0,78.0,101.3,13.710037,79.605033,180.0,12.4,0.28,0.000,-78,98,SAFE
2026-07-30 06:39:40.790,1.11,5.1,20.5,0.120,0.80,0.45,32.0,78.0,101.3,13.710037,79.605044,180.0,12.4,0.28,0.000,-78,98,SAFE
2026-07-30 06:39:40.790,1.09,5.2,20.5,0.120,0.80,0.45,32.0,78.0,101.3,13.710042,79.605050,180.0,12.4,0.28,0.000,-78,98,SAFE
2026-07-30 06:39:40.790,1.07,5.2,20.5,0.120,0.80,0.45,32.0,78.0,101.3,13.710051,79.605054,180.0,12.4,0.28,0.000,-78,98,SAFE
2026-07-30 06:39:40.790,1.06,5.2,20.5,0.120,0.80,0.45,32.0,78.0,101.3,13.710051,79.605064,180.0,12.4,0.28,0.000,-78,98,SAFE
2026-07-30 06:39:40.790,1.11,5.3,20.5,0.120,0.80,0.45,32.0,78.0,101.3,13.710055,79.605068,180.0,12.4,0.28,0.000,-78,98,SAFE
2026-07-30 06:39:40.791,1.08,5.4,20.5,0.120,0.80,0.45,32.0,78.0,101.3,13.710056,79.605078,180.0,12.4,0.28,0.000,-78,98,SAFE
2026-07-30 06:39:40.791,1.12,5.4,20.5,0.120,0.80,0.45,32.0,78.0,101.3,13.710062,79.605084,180.0,12.4,0.28,0.000,-78,98,SAFE
2026-07-30 06:39:40.791,1.15,5.5,20.5,0.120,0.80,0.45,32.0,78.0,101.3,13.710068,79.605093,180.0,12.4,0.28,0.000,-78,98,SAFE
2026-07-30 06:39:40.791,1.17,5.5,20.5,0.120,0.80,0.45,32.0,78.0,101.3,13.710077,79.605102,180.0,12.4,0.28,0.000,-78,98,SAFE
2026-07-30 06:39:40.791,1.21,5.4,20.5,0.120,0.80,0.45,32.0,78.0,101.3,13.710084,79.605105,180.0,12.4,0.28,0.000,-78,98,SAFE
2026-07-30 06:39:42.810,1.24,5.4,20.5,0.121,0.82,0.44,32.0,78.0,101.3,13.710083,79.605116,180.0,12.4,0.28,0.001,-78,97.99600000000001,SAFE
2026-07-30 06:39:44.812,1.23,5.5,20.5,0.122,0.82,0.45,32.0,78.0,101.3,13.710083,79.605122,180.1,12.4,0.30,0.001,-78,97.99200000000002,SAFE
2026-07-30 06:39:46.810,1.18,5.5,20.5,0.122,0.82,0.45,31.9,78.0,101.3,13.710080,79.605133,180.1,12.4,0.30,0.002,-79,97.98800000000003,SAFE
2026-07-30 06:39:48.829,1.19,5.3,20.5,0.123,0.80,0.48,31.9,78.1,101.3,13.710082,79.605152,180.0,12.4,0.30,0.002,-80,97.98400000000004,SAFE
2026-07-30 06:39:50.816,1.09,5.1,20.5,0.124,0.82,0.45,31.9,78.1,101.3,13.710080,79.605155,180.0,12.4,0.30,0.003,-78,97.98000000000005,SAFE
2026-07-30 06:39:52.809,1.11,5.0,20.5,0.126,0.84,0.46,32.0,78.0,101.3,13.710078,79.605168,180.1,12.4,0.29,0.004,-78,97.97600000000006,SAFE
2026-07-30 06:39:54.807,1.10,5.0,20.5,0.125,0.82,0.44,32.0,78.0,101.3,13.710076,79.605173,180.0,12.4,0.29,0.004,-78,97.97200000000007,SAFE
2026-07-30 06:39:56.814,1.11,4.9,20.5,0.127,0.81,0.42,32.0,78.0,101.3,13.710081,79.605194,180.1,12.4,0.31,0.005,-79,97.96800000000007,SAFE
2026-07-30 06:39:59.272,1.14,4.7,20.5,0.130,0.83,0.41,32.0,78.0,101.3,13.710082,79.605206,180.1,12.4,0.29,0.005,-78,97.96400000000008,SAFE
2026-07-30 06:40:01.019,1.11,4.8,20.5,0.132,0.83,0.43,31.9,78.1,101.3,13.710087,79.605221,180.1,12.4,0.29,0.006,-78,97.9600000000001,SAFE
2026-07-30 06:40:03.026,1.18,4.9,20.6,0.134,0.82,0.46,32.0,78.0,101.3,13.710086,79.605236,180.1,12.4,0.28,0.006,-77,97.9560000000001,SAFE
2026-07-30 06:40:05.152,1.19,4.9,20.6,0.135,0.81,0.47,32.0,78.0,101.3,13.710084,79.605246,180.1,12.4,0.27,0.007,-76,97.95200000000011,SAFE
2026-07-30 06:40:07.016,1.26,5.0,20.6,0.137,0.81,0.46,31.9,78.1,101.3,13.710085,79.605262,180.0,12.5,0.27,0.008,-77,97.94800000000012,SAFE
2026-07-30 06:40:09.097,1.34,4.9,20.6,0.134,0.82,0.48,31.9,78.1,101.3,13.710078,79.605278,180.0,12.4,0.27,0.008,-76,97.94400000000013,SAFE
2026-07-30 06:40:11.035,1.41,4.8,20.5,0.134,0.79,0.48,31.9,78.0,101.3,13.710076,79.605286,180.1,12.4,0.27,0.009,-75,97.94000000000014,SAFE
2026-07-30 06:40:13.018,1.32,5.1,20.5,0.133,0.78,0.48,32.0,78.0,101.3,13.710077,79.605297,180.0,12.4,0.26,0.009,-74,97.93600000000015,SAFE
2026-07-30 06:40:15.028,1.32,5.1,20.5,0.133,0.81,0.50,31.9,77.9,101.3,13.710076,79.605310,180.0,12.4,0.27,0.010,-73,97.93200000000016,SAFE
2026-07-30 06:40:17.026,1.36,5.2,20.5,0.129,0.82,0.51,32.0,78.0,101.3,13.710079,79.605325,180.0,12.4,0.26,0.010,-75,97.92800000000017,SAFE
2026-07-30 06:40:19.023,1.40,5.2,20.5,0.129,0.82,0.50,32.0,78.0,101.3,13.710079,79.605336,180.1,12.4,0.25,0.011,-76,97.92400000000018,SAFE
2026-07-30 06:40:21.043,1.36,5.1,20.5,0.131,0.83,0.49,31.9,78.0,101.3,13.710079,79.605353,180.1,12.4,0.25,0.011,-76,97.92000000000019,SAFE
2026-07-30 06:40:23.016,1.45,5.0,20.6,0.131,0.85,0.51,31.9,78.0,101.3,13.710082,79.605366,180.1,12.4,0.25,0.012,-77,97.9160000000002,SAFE
2026-07-30 06:40:25.030,1.44,5.0,20.5,0.131,0.86,0.52,31.9,78.1,101.2,13.710076,79.605382,180.1,12.3,0.26,0.012,-77,97.9120000000002,SAFE
2026-07-30 06:40:27.022,1.49,5.2,20.5,0.129,0.84,0.52,31.9,78.1,101.3,13.710076,79.605388,180.0,12.3,0.25,0.013,-75,97.90800000000021,SAFE
2026-07-30 06:40:29.026,1.53,5.2,20.6,0.129,0.85,0.53,31.9,78.1,101.2,13.710083,79.605396,180.0,12.3,0.25,0.013,-76,97.90400000000022,SAFE
2026-07-30 06:40:31.026,1.59,5.1,20.5,0.129,0.85,0.52,32.0,78.1,101.3,13.710086,79.605414,180.0,12.3,0.25,0.014,-78,97.90000000000023,SAFE
2026-07-30 06:40:33.023,1.57,5.1,20.5,0.126,0.86,0.51,31.9,78.1,101.2,13.710084,79.605423,180.0,12.4,0.25,0.014,-79,97.89600000000024,SAFE
2026-07-30 06:40:35.022,1.59,5.4,20.5,0.127,0.86,0.49,31.9,78.2,101.2,13.710086,79.605434,180.0,12.3,0.24,0.015,-77,97.89200000000025,SAFE
2026-07-30 06:40:37.400,1.62,5.2,20.5,0.124,0.87,0.47,31.9,78.2,101.2,13.710089,79.605445,180.0,12.3,0.23,0.015,-76,97.88800000000026,SAFE
2026-07-30 06:40:39.024,1.60,5.4,20.5,0.124,0.89,0.45,31.9,78.2,101.3,13.710094,79.605451,180.0,12.4,0.22,0.016,-76,97.88400000000027,SAFE
2026-07-30 06:40:41.026,1.64,5.2,20.5,0.119,0.92,0.43,31.9,78.2,101.3,13.710099,79.605466,180.0,12.4,0.23,0.016,-76,97.88000000000028,SAFE
2026-07-30 06:40:43.016,1.62,5.3,20.5,0.115,0.91,0.44,31.9,78.2,101.3,13.710103,79.605474,179.9,12.4,0.23,0.017,-76,97.87600000000029,SAFE
2026-07-30 06:40:45.017,1.60,5.2,20.4,0.115,0.91,0.43,31.9,78.3,101.3,13.710103,79.605488,179.9,12.4,0.24,0.017,-77,97.8720000000003,SAFE
2026-07-30 06:40:47.025,1.63,5.4,20.5,0.119,0.93,0.42,31.9,78.2,101.2,13.710102,79.605505,179.8,12.3,0.24,0.017,-77,97.86800000000031,SAFE
2026-07-30 06:40:49.021,1.68,5.3,20.4,0.118,0.94,0.43,32.0,78.2,101.2,13.710104,79.605513,179.9,12.4,0.24,0.018,-77,97.86400000000032,SAFE
2026-07-30 06:40:51.024,1.70,5.1,20.5,0.119,0.97,0.44,32.0,78.2,101.2,13.710109,79.605531,179.9,12.3,0.24,0.018,-78,97.86000000000033,SAFE
2026-07-30 06:40:53.022,1.81,4.9,20.5,0.121,0.98,0.45,32.0,78.1,101.2,13.710108,79.605546,179.9,12.3,0.25,0.019,-77,97.85600000000034,SAFE
2026-07-30 06:40:55.025,1.85,5.2,20.5,0.119,1.00,0.45,31.9,78.1,101.2,13.710114,79.605550,179.9,12.3,0.24,0.019,-76,97.85200000000034,WARNING
2026-07-30 06:40:57.012,1.87,5.2,20.4,0.122,1.03,0.46,31.9,78.1,101.2,13.710113,79.605553,179.8,12.3,0.25,0.020,-76,97.84800000000035,WARNING
2026-07-30 06:41:10.034,1.83,5.1,20.5,0.118,1.05,0.45,31.9,78.1,101.2,13.710111,79.605560,179.9,12.3,0.25,0.020,-76,97.84400000000036,WARNING
2026-07-30 06:41:33.850,1.86,5.0,20.5,0.119,1.05,0.43,31.9,78.1,101.2,13.710105,79.605576,180.0,12.3,0.25,0.021,-76,97.84000000000037,WARNING
2026-07-30 06:41:35.818,1.81,4.7,20.5,0.121,1.07,0.46,31.9,78.0,101.2,13.710102,79.605584,180.0,12.4,0.26,0.021,-75,97.83600000000038,WARNING
2026-07-30 06:41:37.817,1.87,4.7,20.4,0.120,1.08,0.45,31.9,78.0,101.2,13.710098,79.605589,179.9,12.4,0.26,0.022,-77,97.83200000000039,WARNING
2026-07-30 06:41:39.820,1.84,4.7,20.4,0.118,1.08,0.45,31.9,78.1,101.2,13.710096,79.605605,180.0,12.4,0.27,0.022,-75,97.8280000000004,WARNING
2026-07-30 06:41:41.813,1.87,4.7,20.4,0.121,1.08,0.45,31.9,78.2,101.3,13.710100,79.605625,180.0,12.3,0.26,0.023,-75,97.82400000000041,WARNING
2026-07-30 06:41:43.824,1.82,4.8,20.4,0.120,1.12,0.44,31.9,78.2,101.2,13.710097,79.605643,180.0,12.3,0.28,0.024,-75,97.82000000000042,WARNING
2026-07-30 06:41:45.823,1.86,4.7,20.4,0.117,1.11,0.45,31.9,78.2,101.2,13.710091,79.605660,180.0,12.3,0.28,0.024,-75,97.81600000000043,WARNING
2026-07-30 06:41:48.018,1.77,4.7,20.4,0.120,1.11,0.44,31.9,78.2,101.2,13.710086,79.605661,179.9,12.4,0.28,0.025,-75,97.81200000000044,WARNING
2026-07-30 06:41:50.031,1.76,4.7,20.5,0.120,1.12,0.46,31.8,78.2,101.2,13.710090,79.605673,179.9,12.4,0.27,0.025,-76,97.80800000000045,WARNING
2026-07-30 06:41:52.020,1.78,4.7,20.5,0.119,1.12,0.47,31.8,78.2,101.2,13.710092,79.605680,180.0,12.4,0.26,0.026,-77,97.80400000000046,WARNING
2026-07-30 06:41:54.025,1.73,4.8,20.5,0.118,1.11,0.46,31.9,78.2,101.2,13.710091,79.605699,180.0,12.4,0.27,0.026,-77,97.80000000000047,WARNING
2026-07-30 06:41:56.023,1.64,4.8,20.5,0.118,1.11,0.48,31.9,78.2,101.2,13.710085,79.605716,179.9,12.4,0.26,0.027,-78,97.79600000000048,WARNING
2026-07-30 06:41:58.015,1.65,5.0,20.5,0.116,1.10,0.49,31.8,78.2,101.2,13.710085,79.605727,180.0,12.4,0.26,0.027,-78,97.79200000000048,WARNING
2026-07-30 06:42:00.036,1.63,5.0,20.5,0.117,1.08,0.49,31.9,78.2,101.2,13.710087,79.605741,180.0,12.3,0.27,0.028,-78,97.7880000000005,WARNING
2026-07-30 06:42:02.029,1.59,4.8,20.5,0.113,1.08,0.48,31.9,78.1,101.2,13.710082,79.605750,180.0,12.4,0.28,0.028,-78,97.7840000000005,WARNING
2026-07-30 06:42:04.027,1.53,4.8,20.5,0.111,1.11,0.47,31.9,78.1,101.2,13.710088,79.605754,179.9,12.4,0.27,0.029,-78,97.78000000000051,WARNING
2026-07-30 06:42:06.050,1.51,4.9,20.5,0.111,1.11,0.46,31.9,78.2,101.2,13.710091,79.605765,180.0,12.4,0.27,0.029,-77,97.77600000000052,WARNING
2026-07-30 06:42:08.027,1.49,4.8,20.4,0.107,1.11,0.44,31.9,78.2,101.2,13.710097,79.605776,180.0,12.4,0.26,0.030,-78,97.77200000000053,WARNING
2026-07-30 06:42:10.017,1.47,4.9,20.4,0.104,1.10,0.45,31.9,78.3,101.2,13.710097,79.605798,180.0,12.4,0.26,0.031,-78,97.76800000000054,WARNING
2026-07-30 06:42:12.018,1.40,4.9,20.4,0.106,1.10,0.45,31.9,78.3,101.2,13.710104,79.605815,179.9,12.3,0.26,0.031,-78,97.76400000000055,WARNING
2026-07-30 06:42:14.030,1.45,5.0,20.5,0.107,1.08,0.46,31.9,78.3,101.2,13.710108,79.605821,179.9,12.3,0.25,0.032,-77,97.76000000000056,WARNING
2026-07-30 06:42:16.022,1.48,4.9,20.5,0.106,1.11,0.45,31.9,78.2,101.2,13.710110,79.605836,180.0,12.3,0.25,0.032,-77,97.75600000000057,WARNING
2026-07-30 06:42:18.019,1.50,4.6,20.4,0.104,1.12,0.43,31.9,78.2,101.2,13.710109,79.605839,180.0,12.3,0.27,0.033,-76,97.75200000000058,WARNING
2026-07-30 06:42:20.019,1.46,4.7,20.4,0.103,1.10,0.43,31.9,78.2,101.2,13.710107,79.605854,180.0,12.3,0.27,0.033,-76,97.74800000000059,WARNING
2026-07-30 06:42:22.029,1.54,4.7,20.4,0.105,1.11,0.42,31.9,78.3,101.2,13.710112,79.605874,180.0,12.3,0.29,0.034,-76,97.7440000000006,WARNING
2026-07-30 06:42:24.016,1.54,4.6,20.4,0.106,1.11,0.43,31.9,78.3,101.2,13.710112,79.605888,180.0,12.3,0.29,0.034,-77,97.7400000000006,WARNING
2026-07-30 06:42:26.023,1.57,4.6,20.4,0.110,1.08,0.43,31.9,78.2,101.2,13.710105,79.605897,180.0,12.3,0.29,0.035,-78,97.73600000000062,WARNING
2026-07-30 06:42:28.026,1.55,4.4,20.4,0.109,1.11,0.43,31.9,78.3,101.2,13.710105,79.605898,179.9,12.3,0.28,0.035,-77,97.73200000000062,WARNING
2026-07-30 06:42:30.017,1.57,4.5,20.4,0.109,1.08,0.42,31.9,78.3,101.2,13.710112,79.605917,179.9,12.3,0.28,0.036,-76,97.72800000000063,WARNING
2026-07-30 06:42:32.022,1.55,4.6,20.4,0.108,1.07,0.41,31.9,78.2,101.2,13.710113,79.605925,179.9,12.3,0.27,0.037,-75,97.72400000000064,WARNING
2026-07-30 06:42:34.031,1.59,4.6,20.4,0.109,1.07,0.44,31.9,78.3,101.2,13.710112,79.605937,179.9,12.3,0.28,0.037,-74,97.72000000000065,WARNING
2026-07-30 06:42:36.021,1.53,4.7,20.4,0.108,1.08,0.45,31.9,78.2,101.2,13.710111,79.605952,179.9,12.3,0.27,0.038,-73,97.71600000000066,WARNING
2026-07-30 06:42:38.021,1.58,4.7,20.4,0.106,1.07,0.45,31.9,78.2,101.2,13.710110,79.605963,179.9,12.3,0.26,0.038,-72,97.71200000000067,WARNING
2026-07-30 06:42:40.367,1.57,4.6,20.4,0.104,1.07,0.45,31.9,78.2,101.2,13.710112,79.605971,179.9,12.4,0.26,0.039,-70,97.70800000000068,WARNING
2026-07-30 06:42:42.019,1.54,4.7,20.4,0.103,1.07,0.47,31.9,78.2,101.2,13.710111,79.605981,179.9,12.3,0.26,0.039,-68,97.70400000000069,WARNING
2026-07-30 06:42:44.031,1.53,4.7,20.4,0.104,1.09,0.45,31.8,78.2,101.2,13.710110,79.605996,179.9,12.3,0.27,0.040,-69,97.7000000000007,WARNING
2026-07-30 06:42:46.018,1.56,4.4,20.5,0.107,1.10,0.45,31.8,78.2,101.2,13.710108,79.606009,179.9,12.3,0.27,0.040,-70,97.69600000000071,WARNING
2026-07-30 06:43:10.051,1.61,4.4,20.5,0.109,1.07,0.44,31.9,78.2,101.2,13.710111,79.606023,179.9,12.3,0.26,0.041,-70,97.69200000000072,WARNING
2026-07-30 06:43:23.818,1.62,4.3,20.5,0.106,1.05,0.43,31.8,78.2,101.2,13.710110,79.606036,179.9,12.3,0.27,0.041,-70,97.68800000000073,WARNING
2026-07-30 06:43:25.805,1.64,4.1,20.5,0.104,1.08,0.45,31.8,78.1,101.2,13.710117,79.606044,179.9,12.3,0.26,0.042,-69,97.68400000000074,WARNING
2026-07-30 06:43:27.823,1.58,4.1,20.6,0.106,1.08,0.46,31.9,78.1,101.2,13.710118,79.606061,179.9,12.3,0.27,0.042,-69,97.68000000000075,WARNING
2026-07-30 06:43:29.802,1.58,4.2,20.6,0.106,1.06,0.48,31.8,78.0,101.2,13.710115,79.606065,179.9,12.3,0.27,0.043,-70,97.67600000000076,WARNING
2026-07-30 06:43:31.815,1.58,4.3,20.6,0.106,1.07,0.47,31.8,78.0,101.2,13.710118,79.606077,179.9,12.3,0.26,0.043,-69,97.67200000000076,WARNING
2026-07-30 06:43:33.808,1.57,4.3,20.6,0.103,1.09,0.45,31.9,78.1,101.2,13.710118,79.606079,179.9,12.3,0.26,0.044,-70,97.66800000000077,WARNING
2026-07-30 06:43:35.803,1.59,4.2,20.6,0.101,1.11,0.44,31.9,78.1,101.2,13.710120,79.606085,179.9,12.3,0.26,0.045,-68,97.66400000000078,WARNING
2026-07-30 06:43:37.805,1.62,4.4,20.6,0.098,1.11,0.44,31.9,78.1,101.2,13.710123,79.606102,179.9,12.3,0.26,0.045,-68,97.66000000000079,WARNING
2026-07-30 06:43:39.801,1.65,4.3,20.6,0.099,1.12,0.46,31.9,78.1,101.2,13.710126,79.606119,179.9,12.3,0.25,0.046,-67,97.6560000000008,WARNING
2026-07-30 06:43:41.803,1.72,4.3,20.6,0.099,1.11,0.45,31.9,78.1,101.2,13.710125,79.606127,179.9,12.4,0.27,0.046,-66,97.65200000000081,WARNING
2026-07-30 06:43:43.818,1.82,4.3,20.6,0.097,1.11,0.47,31.9,78.1,101.2,13.710126,79.606143,179.9,12.4,0.26,0.047,-66,97.64800000000082,WARNING
2026-07-30 06:43:45.807,1.82,4.3,20.6,0.094,1.10,0.46,31.9,78.0,101.2,13.710132,79.606151,180.0,12.4,0.26,0.047,-66,97.64400000000083,WARNING
2026-07-30 06:43:47.820,1.73,4.3,20.6,0.096,1.11,0.47,31.9,78.0,101.2,13.710129,79.606160,179.9,12.4,0.25,0.048,-66,97.64000000000084,WARNING